document,token,tag
D1,know,VB
D1,donald,JJ
D1,trump,NN
D1,feel,VB
D1,need,RB
D1,adhere,RB
D1,normal,JJ
D1,rule,JJ
D1,political,JJ
D1,campaign,NN
D1,even,RB
D1,unconventional,JJ
D1,standard,NN
D1,extravagant,JJ
D1,promise,NN
D1,pay,NN
D1,every,DT
D1,american,JJ
D1,citizen,NN
D1,republican,JJ
D1,win,JJ
D1,midterm,JJ
D1,election,NN
D1,bizarre,RB
D1,enormous,JJ
D1,cash,NN
D1,pledge,NN
D1,headline,JJ
D1,keynote,NN
D1,address,NN
D1,first,RB
D1,night,NN
D1,midterm,JJ
D1,republican,JJ
D1,convention,NN
D1,wednesday,NN
D1,slip,NN
D1,mention,NN
D1,hour,NN
D1,lengthy,JJ
D1,speech,NN
D1,audience,NN
D1,attention,NN
D1,start,VBP
D1,waver,WDT
D1,president,NN
D1,offer,NN
D1,detail,NN
D1,pledge,NN
D1,pay,NN
D1,payment,NN
D1,would,MD
D1,distribute,VB
D1,asked,JJ
D1,information,NN
D1,white,JJ
D1,house,NN
D1,say,VBP
D1,statement,NN
D1,announcement,NN
D1,late,JJ
D1,proof,NN
D1,president,NN
D1,trump,NN
D1,expert,NN
D1,say,VBP
D1,do,VBP
D1,delivers,NNS
D1,american,JJ
D1,people,NNS
D1,give,VBP
D1,specific,JJ
D1,would,MD
D1,implement,VB
D1,announcement,NN
D1,meet,NN
D1,enthusiastic,JJ
D1,applause,NN
D1,supporter,NN
D1,inside,IN
D1,republican,JJ
D1,convention,NN
D1,arena,IN
D1,dallas,NNS
D1,texas,JJ
D1,republican,JJ
D1,tight,NN
D1,race,NN
D1,november,NNP
D1,election,NN
D1,need,NN
D1,win,VBP
D1,sceptical,JJ
D1,swing,NN
D1,voter,NN
D1,include,VBP
D1,moderate,JJ
D1,republican,JJ
D1,independent,JJ
D1,largely,RB
D1,stay,VBP
D1,away,RB
D1,event,NN
D1,many,JJ
D1,trump,NN
D1,fellow,JJ
D1,republican,JJ
D1,clearly,RB
D1,take,VBP
D1,surprise,NN
D1,welcome,JJ
D1,announcement,NN
D1,republican,JJ
D1,critical,JJ
D1,trump,NN
D1,quick,JJ
D1,denounce,NN
D1,conservative,JJ
D1,clash,NN
D1,trump,NN
D1,especially,RB
D1,federal,JJ
D1,debt,NN
D1,continue,NN
D1,balloon,NN
D1,presidency,NN
D1,scathing,VBG
D1,response,NN
D1,thomas,NN
D1,massie,JJ
D1,republican,JJ
D1,representative,NN
D1,kentucky,NN
D1,lose,VBP
D1,primary,JJ
D1,trump,NN
D1,criticism,NN
D1,earlier,RBR
D1,year,NN
D1,post,NN
D1,know,VBP
D1,frankly,RB
D1,insulted,VBN
D1,notion,NN
D1,vote,NN
D1,november,NN
D1,could,MD
D1,buy,VB
D1,mention,NN
D1,inflation,NN
D1,would,MD
D1,cause,VB
D1,thing,NN
D1,consider,VB
D1,good,JJ
D1,conscience,NN
D1,accept,VBD
D1,penny,RB
D1,less,JJR
D1,senator,JJ
D1,susan,NN
D1,collins,NNS
D1,swerve,VBP
D1,dallas,NNS
D1,campaign,NN
D1,maine,NN
D1,face,NN
D1,tight,JJ
D1,race,NN
D1,say,VBP
D1,tax,NN
D1,spending,NN
D1,decision,NN
D1,make,VBP
D1,base,NN
D1,need,JJ
D1,american,JJ
D1,people,NNS
D1,state,NN
D1,economy,NN
D1,appear,VBP
D1,tie,JJ
D1,election,NN
D1,result,NN
D1,democrats,NNS
D1,part,NN
D1,label,VBP
D1,empty,JJ
D1,promise,NN
D1,legal,JJ
D1,expert,NNS
D1,say,VBP
D1,unlikely,JJ
D1,trump,NN
D1,could,MD
D1,approve,VB
D1,vast,JJ
D1,sum,NN
D1,via,IN
D1,presidential,JJ
D1,executive,NN
D1,order,NN
D1,president,NN
D1,suggest,JJS
D1,thursday,NN
D1,would,MD
D1,go,VB
D1,congress,JJ
D1,speak,JJ
D1,bbc,NN
D1,partner,NN
D1,cbs,NNS
D1,say,VBP
D1,think,VBP
D1,congress,NN
D1,would,MD
D1,need,VB
D1,approve,VB
D1,spend,VB
D1,add,JJ
D1,think,VBP
D1,need,MD
D1,plenty,VB
D1,fiscally,RB
D1,conservative,JJ
D1,republican,JJ
D1,representative,NN
D1,would,MD
D1,likely,RB
D1,refuse,VB
D1,support,NN
D1,kind,NN
D1,spending,NN
D1,former,JJ
D1,republican,JJ
D1,representative,NN
D1,bob,NN
D1,good,JJ
D1,dismiss,JJ
D1,trump,NN
D1,dividend,NN
D1,socialist,JJ
D1,scheme,JJ
D1,convention,NN
D1,reminder,NN
D1,trump,NN
D1,still,RB
D1,dominate,VB
D1,party,NN
D1,house,NN
D1,representative,JJ
D1,least,JJS
D1,previously,RB
D1,make,VB
D1,bend,NN
D1,policy,NN
D1,chime,JJ
D1,traditional,JJ
D1,conservative,JJ
D1,position,NN
D1,first,JJ
D1,time,NN
D1,president,NN
D1,trump,NNS
D1,make,VBP
D1,cash,NN
D1,promise,NN
D1,voter,NN
D1,american,JJ
D1,still,RB
D1,wait,VBP
D1,cheque,NNS
D1,say,VBP
D1,would,MD
D1,receive,VB
D1,revenue,NN
D1,generate,NN
D1,trade,NN
D1,tariff,NN
D1,payment,NN
D1,elon,NN
D1,musk,NN
D1,propose,NN
D1,would,MD
D1,come,VB
D1,doge,NN
D1,spending,NN
D1,cut,NN
D1,never,RB
D1,materialise,RB
D1,trump,JJ
D1,deliver,RB
D1,promise,VBP
D1,set,VBN
D1,trump,NN
D1,save,NN
D1,account,NN
D1,government,NN
D1,contribution,NN
D1,child,NN
D1,born,JJ
D1,term,NN
D1,office,NN
D1,member,NN
D1,military,JJ
D1,get,VB
D1,payment,NN
D1,celebrate,NN
D1,america,NN
D1,anniversary,JJ
D1,sign,NN
D1,donald,NN
D1,trump,VBP
D1,fear,NN
D1,course,NN
D1,major,JJ
D1,defeat,NN
D1,november,NN
D1,feel,VBP
D1,need,RB
D1,make,VBP
D1,kind,NN
D1,election,NN
D1,promise,NN
D1,despite,IN
D1,president,NN
D1,feature,NN
D1,ballot,NN
D1,voter,NN
D1,often,RB
D1,treat,JJ
D1,midterm,JJ
D1,election,NN
D1,referendum,NN
D1,sit,NN
D1,president,NN
D1,often,RB
D1,party,NN
D1,power,NN
D1,struggle,NN
D1,less,RBR
D1,two,CD
D1,month,NN
D1,election,NN
D1,day,NN
D1,trump,VB
D1,face,NN
D1,historically,RB
D1,low,JJ
D1,approval,NN
D1,rating,NN
D1,war,NN
D1,iran,VBD
D1,become,JJ
D1,increasingly,RB
D1,unpopular,JJ
D1,effect,NN
D1,hit,VBD
D1,american,JJ
D1,petrol,NN
D1,pump,NN
D1,affordability,NN
D1,still,RB
D1,top,JJ
D1,issue,NN
D1,voter,NN
D1,inflation,NN
D1,peak,NN
D1,joe,NN
D1,biden,NN
D1,remain,VBP
D1,stubbornly,RB
D1,high,JJ
D1,pledge,NN
D1,suggest,VBP
D1,element,NN
D1,panic,JJ
D1,pull,NN
D1,policy,NN
D1,back,RB
D1,pocket,RB
D1,many,JJ
D1,close,RB
D1,ally,RB
D1,tell,VBP
D1,undoubtedly,RB
D1,highly,RB
D1,unorthodox,JJ
D1,way,NN
D1,launch,JJ
D1,major,JJ
D1,election,NN
D1,pledge,NN
D1,trump,VB
D1,political,JJ
D1,success,NN
D1,build,JJ
D1,way,NN
D1,business,NN
D1,late,JJ
D1,ploy,NN
D1,could,MD
D1,work,VB
D1,voter,RB
D1,believe,VBP
D1,serious,JJ
D1,writing,NN
D1,cheque,NN
D2,ukrainian,JJ
D2,official,NN
D2,say,VBP
D2,five,CD
D2,people,NNS
D2,kill,VBP
D2,others,NNS
D2,wound,IN
D2,russian,JJ
D2,drone,NN
D2,hit,VBD
D2,shop,NN
D2,mall,NN
D2,pavlohrad,VBP
D2,city,NN
D2,dnipropetrovsk,NN
D2,region,NN
D2,shop,NN
D2,vehicle,NN
D2,hit,VBD
D2,daylight,JJ
D2,attack,NN
D2,take,VB
D2,place,NN
D2,street,NN
D2,full,JJ
D2,people,NNS
D2,interior,JJ
D2,minister,NN
D2,ivan,NN
D2,vyhivskyi,NNS
D2,say,VBP
D2,two,CD
D2,shopping,VBG
D2,mall,JJ
D2,city,NN
D2,zaporizhzhia,NN
D2,sumy,NN
D2,target,NN
D2,russian,JJ
D2,air,NN
D2,strike,NN
D2,earlier,RBR
D2,week,NN
D2,accord,NN
D2,ukrainian,JJ
D2,medium,NN
D2,russia,NN
D2,report,NN
D2,ukrainian,JJ
D2,seaborne,JJ
D2,drone,NN
D2,attack,NN
D2,resort,NN
D2,city,NN
D2,sochi,NN
D2,overnight,JJ
D2,wednesday,NN
D2,people,NNS
D2,wound,VBP
D2,well,RB
D2,three,CD
D2,death,NN
D2,blame,NN
D2,ukrainian,JJ
D2,attack,NN
D2,war,NN
D2,rag,NN
D2,russia,NN
D2,ukraine,JJ
D2,since,IN
D2,russian,JJ
D2,president,NN
D2,vladimir,NN
D2,putin,NN
D2,launch,JJ
D2,invasion,NN
D2,four,CD
D2,half,NN
D2,year,NN
D2,ago,RB
D2,new,JJ
D2,peacemaking,VBG
D2,effort,NN
D2,envoy,FW
D2,sent,VBD
D2,president,NN
D2,donald,NN
D2,trump,VBP
D2,weekend,NN
D2,appear,NN
D2,yielded,VBN
D2,concrete,JJ
D2,result,NN
D2,talk,NN
D2,moscow,NN
D2,putin,NN
D2,kyiv,JJ
D2,ukrainian,JJ
D2,president,NN
D2,volodymyr,NN
D2,zelensky,NNP
D2,image,NN
D2,release,NN
D2,state,NN
D2,emergency,NN
D2,service,NN
D2,ukraine,JJ
D2,show,NN
D2,firefighter,RBR
D2,direct,JJ
D2,water,NN
D2,hose,JJ
D2,burn,NN
D2,vehicle,NN
D2,amid,IN
D2,cloud,JJ
D2,smoke,NN
D2,street,NN
D2,pavlohrad,JJ
D2,telegram,VBZ
D2,post,NN
D2,regional,JJ
D2,governor,NN
D2,oleksandr,NN
D2,hanzha,NNS
D2,say,VBP
D2,people,NNS
D2,injured,JJ
D2,eight,CD
D2,child,NN
D2,zelensky,NN
D2,offer,NN
D2,condolence,NN
D2,family,NN
D2,love,VB
D2,one,CD
D2,kill,NN
D2,thursday,JJ
D2,attack,NN
D2,russian,NN
D2,use,NN
D2,drone,NN
D2,kill,NN
D2,people,NNS
D2,simply,RB
D2,stand,VBP
D2,near,IN
D2,shop,NN
D2,centre,NN
D2,ukraine,JJ
D2,president,NN
D2,say,VBP
D2,statement,NN
D2,ukrainian,JJ
D2,foreign,JJ
D2,minister,NN
D2,andrii,NN
D2,sybiha,NN
D2,call,NN
D2,drone,NN
D2,attack,NN
D2,tactic,JJ
D2,coercion,NN
D2,russia,NN
D2,believe,VBP
D2,relentless,NN
D2,attack,NN
D2,civilian,JJ
D2,exhaust,NN
D2,ukrainian,JJ
D2,force,NN
D2,ukraine,JJ
D2,concession,NN
D2,say,VBP
D2,pavlohrad,NN
D2,logistics,NNS
D2,hub,VBP
D2,near,IN
D2,central,JJ
D2,city,NN
D2,dnipro,NN
D2,come,VBP
D2,heavy,JJ
D2,attack,NN
D2,previously,RB
D2,two,CD
D2,people,NNS
D2,kill,VBP
D2,attack,RB
D2,warehouse,IN
D2,last,JJ
D2,month,NN
D2,ukrainian,JJ
D2,official,NN
D2,say,VBP
D2,russian,JJ
D2,drone,NN
D2,attack,NN
D2,mall,NN
D2,sumy,NN
D2,wednesday,NN
D2,kill,VB
D2,two,CD
D2,people,NNS
D2,wound,IN
D2,thursday,JJ
D2,russian,JJ
D2,aerial,NN
D2,bomb,NN
D2,reportedly,RB
D2,injured,JJ
D2,eight,CD
D2,people,NNS
D2,sumy,VBP
D2,include,VBP
D2,three,CD
D2,child,JJ
D2,zaporizhzhia,NNP
D2,capital,NN
D2,region,NN
D2,name,NN
D2,partially,RB
D2,annexed,JJ
D2,russia,NN
D2,soon,RB
D2,invasion,NN
D2,shop,NN
D2,mall,NN
D2,almost,RB
D2,completely,RB
D2,destroyed,JJ
D2,monday,NN
D2,owner,NN
D2,report,NN
D2,however,RB
D2,closed,VBD
D2,time,NN
D2,immediate,JJ
D2,report,NN
D2,casualty,NN
D2,one,CD
D2,bloody,NN
D2,attack,NN
D2,shop,NN
D2,centre,VBZ
D2,come,VBN
D2,last,JJ
D2,month,NN
D2,ukrainian,JJ
D2,official,NN
D2,say,VBP
D2,russian,JJ
D2,drone,NN
D2,kill,VB
D2,least,JJS
D2,people,NNS
D2,injured,JJ
D2,city,NN
D2,kryvyi,NN
D2,rih,NN
D2,shopping,VBG
D2,mall,JJ
D2,part,NN
D2,ukraine,NN
D2,also,RB
D2,come,VBP
D2,attack,NN
D2,ukrainian,JJ
D2,drone,NN
D2,attack,NN
D2,report,NN
D2,monday,NN
D2,mall,VB
D2,port,JJ
D2,city,NN
D2,mariupol,NN
D2,donetsk,JJ
D2,region,NN
D2,another,DT
D2,attack,NN
D2,city,NN
D2,donetsk,NN
D2,last,JJ
D2,month,NN
D2,wednesday,VBD
D2,night,NN
D2,number,NN
D2,ukrainian,JJ
D2,seaborne,JJ
D2,drone,NN
D2,attack,NN
D2,shoreline,NN
D2,sochi,NN
D2,russian,JJ
D2,official,JJ
D2,say,VBP
D2,two,CD
D2,people,NNS
D2,report,VBP
D2,injured,VBN
D2,child,JJ
D2,thursday,JJ
D2,russian,JJ
D2,official,NN
D2,report,NN
D2,ukrainian,JJ
D2,drone,NN
D2,strike,NN
D2,town,NN
D2,novy,JJ
D2,oskol,NN
D2,belgord,NN
D2,region,NN
D2,kill,VB
D2,one,CD
D2,person,NN
D2,wound,IN
D2,six,CD
D2,others,NNS
D2,announce,RB
D2,ukrainian,JJ
D2,attack,NN
D2,car,NN
D2,zaporizhzhia,NN
D2,wednesday,NN
D2,kill,VB
D2,girl,NN
D2,also,RB
D2,injure,JJ
D2,child,JJ
D2,six,CD
D2,two,CD
D2,woman,NN
D2,separate,JJ
D2,attack,NN
D2,civilian,JJ
D2,lorry,NN
D2,region,NN
D2,kill,NN
D2,man,NN
D3,ever,RB
D3,sleep,JJ
D3,next,JJ
D3,snoring,NN
D3,partner,NN
D3,woken,VBP
D3,feel,NN
D3,stress,NN
D3,unfocused,VBD
D3,forgetful,JJ
D3,next,JJ
D3,day,NN
D3,snore,RBR
D3,relatively,RB
D3,common,JJ
D3,often,RB
D3,leave,VBP
D3,untreated,VBN
D3,dismissed,JJ
D3,harmless,JJ
D3,irritation,NN
D3,accord,NN
D3,expert,NN
D3,sleep,VBP
D3,next,JJ
D3,snorer,NN
D3,could,MD
D3,impact,VB
D3,health,NN
D3,snore,NN
D3,cause,NN
D3,vibration,NN
D3,soft,JJ
D3,tissue,NN
D3,upper,JJ
D3,airway,RB
D3,sleep,JJ
D3,explains,NNS
D3,clare,VBP
D3,simon,JJ
D3,dentist,NN
D3,special,JJ
D3,interest,NN
D3,dental,NN
D3,sleep,JJ
D3,medicine,NN
D3,adult,NN
D3,population,NN
D3,snore,RB
D3,issue,NN
D3,affect,JJ
D3,men,NNS
D3,woman,NN
D3,say,VBP
D3,british,JJ
D3,snore,RB
D3,sleep,VBP
D3,apnoea,JJ
D3,association,NN
D3,bssaa,NN
D3,people,NNS
D3,snore,VBP
D3,partner,NN
D3,say,VBP
D3,sleep,JJ
D3,impact,NN
D3,accord,NN
D3,survey,NN
D3,sleep,VBP
D3,foundation,NN
D3,need,NN
D3,know,VBP
D3,impact,JJ
D3,partner,NN
D3,prof,NN
D3,ama,NN
D3,johal,NN
D3,consultant,NN
D3,orthodontist,NN
D3,sleep,NN
D3,expert,NN
D3,aerox,VBP
D3,health,NN
D3,explains,NNS
D3,partner,NN
D3,snorer,VBP
D3,become,VBN
D3,impacted,JJ
D3,upon,IN
D3,almost,RB
D3,effort,NN
D3,part,NN
D3,get,VB
D3,sleep,JJ
D3,separate,JJ
D3,room,NN
D3,sleep,NN
D3,add,IN
D3,human,JJ
D3,physically,RB
D3,function,NN
D3,without,IN
D3,necessity,NN
D3,night,NN
D3,cycle,NN
D3,different,JJ
D3,stage,NN
D3,sleep,JJ
D3,repeat,NN
D3,pattern,NN
D3,usually,RB
D3,every,DT
D3,minute,NN
D3,deeper,JJR
D3,stage,NN
D3,cycle,NN
D3,important,JJ
D3,physical,JJ
D3,restoration,NN
D3,sleep,NN
D3,frequently,RB
D3,disrupt,VBZ
D3,may,MD
D3,spend,VB
D3,less,JJR
D3,time,NN
D3,restorative,JJ
D3,stage,NN
D3,mean,JJ
D3,wake,NN
D3,feeling,NN
D3,tire,NN
D3,even,RB
D3,spend,VB
D3,lot,NN
D3,time,NN
D3,bed,VBD
D3,bssaa,JJ
D3,explains,NNS
D3,brain,NN
D3,process,NN
D3,store,NN
D3,information,NN
D3,day,NN
D3,sleep,VB
D3,fragmented,JJ
D3,sleep,JJ
D3,happen,NN
D3,wake,NN
D3,due,JJ
D3,snore,NN
D3,partner,NN
D3,interrupt,JJ
D3,process,NN
D3,impact,NN
D3,focus,VB
D3,memory,NN
D3,disrupt,JJ
D3,sleep,NN
D3,also,RB
D3,impact,VB
D3,hormone,CD
D3,regulation,NN
D3,affect,VBP
D3,energy,NN
D3,level,NN
D3,motivation,NN
D3,sleep,NN
D3,also,RB
D3,play,VBD
D3,role,NN
D3,regulate,NN
D3,brain,NN
D3,system,NN
D3,involve,VBP
D3,stress,JJ
D3,emotional,JJ
D3,response,NN
D3,disrupt,NN
D3,system,NN
D3,become,VB
D3,less,RBR
D3,balanced,JJ
D3,may,MD
D3,make,VB
D3,feel,VB
D3,irritable,JJ
D3,less,RBR
D3,able,JJ
D3,cope,NN
D3,stress,NN
D3,something,NN
D3,meg,JJ
D3,warren,JJ
D3,experience,NN
D3,former,JJ
D3,partner,NN
D3,snore,NN
D3,would,MD
D3,keep,VB
D3,say,VB
D3,without,IN
D3,fail,JJ
D3,wake,NN
D3,would,MD
D3,feel,VB
D3,incredibly,RB
D3,high,JJ
D3,alert,NN
D3,meg,NN
D3,charity,NN
D3,medium,NN
D3,officer,NN
D3,would,MD
D3,prod,VB
D3,throughout,IN
D3,night,NN
D3,try,NN
D3,coax,NN
D3,back,JJ
D3,side,NN
D3,say,NN
D3,would,MD
D3,wake,VB
D3,feeling,NN
D3,groggy,NN
D3,daze,NN
D3,sometimes,RB
D3,much,RB
D3,would,MD
D3,feel,VB
D3,like,IN
D3,hangover,NN
D3,snore,RB
D3,test,NN
D3,relationship,NN
D3,meg,NN
D3,explain,NN
D3,always,RB
D3,say,VBP
D3,live,JJ
D3,together,RB
D3,spare,JJ
D3,bedroom,NN
D3,night,NN
D3,truly,RB
D3,unbearable,JJ
D3,snore,NN
D3,simon,NNS
D3,say,VBP
D3,broken,JJ
D3,sleep,JJ
D3,cause,NN
D3,partner,NN
D3,snore,RB
D3,lead,JJ
D3,irritability,NN
D3,argument,NN
D3,decide,RB
D3,sleep,JJ
D3,separate,JJ
D3,room,NN
D3,need,NN
D3,reduced,VBD
D3,intimacy,JJ
D3,dearden,JJ
D3,journalist,NN
D3,say,VBP
D3,sometimes,RB
D3,sleeps,JJ
D3,separate,JJ
D3,room,NN
D3,partner,NN
D3,due,JJ
D3,snore,NN
D3,option,NN
D3,allows,VBZ
D3,prioritise,NN
D3,get,NN
D3,enough,JJ
D3,rest,NN
D3,snore,VBD
D3,particularly,RB
D3,bad,JJ
D3,say,VBP
D3,wake,NN
D3,bad,JJ
D3,night,NN
D3,sleep,NN
D3,eat,NN
D3,feel,NN
D3,irritable,JJ
D3,use,NN
D3,wake,NN
D3,often,RB
D3,night,NN
D3,due,JJ
D3,snore,RB
D3,find,VBP
D3,wear,JJ
D3,ear,JJ
D3,plugs,NNS
D3,life,NN
D3,saver,RB
D3,allow,JJ
D3,sleep,NN
D3,noise,NN
D3,share,NN
D3,bed,VBD
D3,partner,NN
D3,thing,NN
D3,do,VBP
D3,say,VB
D3,simon,VB
D3,johal,NN
D3,first,RB
D3,important,JJ
D3,distinguish,JJ
D3,whether,IN
D3,partner,NN
D3,simply,RB
D3,snore,VBD
D3,whether,IN
D3,sleep,JJ
D3,apnoea,NN
D3,want,VBP
D3,simply,RB
D3,make,VB
D3,someone,NN
D3,quieter,NN
D3,night,NN
D3,potentially,RB
D3,miss,JJ
D3,underlie,IN
D3,breathe,JJ
D3,disorder,NN
D3,simon,NNS
D3,say,VBP
D3,sign,JJ
D3,sleep,JJ
D3,apnoea,NN
D3,disorder,NN
D3,cause,NN
D3,person,NN
D3,breathe,NNS
D3,repeatedly,RB
D3,stop,VB
D3,start,NN
D3,sleep,JJ
D3,include,VBP
D3,pause,IN
D3,breathe,JJ
D3,choke,NN
D3,night,NN
D3,wake,VBP
D3,frequently,RB
D3,suffer,VBP
D3,morning,NN
D3,headache,NN
D3,deal,NN
D3,could,MD
D3,recommend,VB
D3,continuous,JJ
D3,positive,JJ
D3,airway,NN
D3,pressure,NN
D3,cpap,VBP
D3,machine,NN
D3,even,RB
D3,surgical,JJ
D3,treatment,NN
D3,case,NN
D3,simon,NN
D3,explain,VBP
D3,simple,JJ
D3,snore,NN
D3,simon,NNS
D3,say,VBP
D3,lifestyle,JJ
D3,change,NN
D3,make,VBP
D3,difference,NN
D3,losing,NN
D3,weight,VBD
D3,stop,JJ
D3,smoke,NN
D3,reduce,VB
D3,alcohol,NN
D3,intake,NN
D3,bed,VBD
D3,change,NN
D3,sleep,JJ
D3,position,NN
D3,lay,VBD
D3,side,NN
D3,rather,RB
D3,back,RB
D3,also,RB
D3,suggest,VBP
D3,partner,NN
D3,see,VBP
D3,able,JJ
D3,advise,NN
D3,refer,VBP
D3,specialist,NN
D3,expert,NN
D3,might,MD
D3,suggest,VB
D3,treat,NN
D3,nasal,JJ
D3,obstruction,NN
D3,allergy,NN
D3,cause,NN
D3,snore,NN
D3,wear,JJ
D3,custom,NN
D3,mouthguard,NN
D3,gently,RB
D3,push,RB
D3,low,JJ
D3,jaw,NN
D3,forward,RB
D3,keep,VB
D3,airway,NN
D3,open,JJ
D3,johal,NNS
D3,say,VBP
D3,many,JJ
D3,couple,NN
D3,put,VBD
D3,snore,RB
D3,long,JJ
D3,impact,NN
D3,relationship,NN
D3,wellbeing,VBG
D3,key,JJ
D3,thing,NN
D3,help,NN
D3,tapping,NN
D4,nothing,NN
D4,like,IN
D4,talk,NN
D4,energy,NN
D4,price,NN
D4,potential,JJ
D4,high,JJ
D4,borrowing,NN
D4,cost,NN
D4,remind,VB
D4,summer,NN
D4,holiday,NN
D4,well,RB
D4,truly,RB
D4,surge,JJ
D4,oil,NN
D4,price,NN
D4,push,NN
D4,driver,NN
D4,pay,NN
D4,fuel,NN
D4,pump,NN
D4,eat,NN
D4,away,RB
D4,household,JJ
D4,budget,NN
D4,month,NN
D4,concern,NN
D4,remain,VBP
D4,whether,IN
D4,economic,JJ
D4,impact,NN
D4,war,NN
D4,drive,NN
D4,cost,NN
D4,living,NN
D4,high,JJ
D4,cite,NN
D4,middle,JJ
D4,east,JJ
D4,conflict,NN
D4,warn,NN
D4,inflation,NN
D4,set,VBN
D4,remain,VBP
D4,well,RB
D4,target,VB
D4,time,NN
D4,european,JJ
D4,central,JJ
D4,bank,NN
D4,recently,RB
D4,raise,VB
D4,interest,NN
D4,rate,NN
D4,central,JJ
D4,bank,NN
D4,also,RB
D4,respond,JJ
D4,poise,NN
D4,make,VBP
D4,decision,NN
D4,next,IN
D4,week,NN
D4,first,RB
D4,wednesday,JJ
D4,federal,JJ
D4,reserve,NN
D4,hold,NN
D4,rate,NN
D4,steady,JJ
D4,five,CD
D4,meeting,NN
D4,row,NN
D4,last,JJ
D4,make,JJ
D4,change,NN
D4,rate,NN
D4,cut,NN
D4,december,NN
D4,strong,JJ
D4,job,NN
D4,market,NN
D4,president,NN
D4,donald,JJ
D4,trump,NNS
D4,say,VBP
D4,think,VBP
D4,oil,NN
D4,price,NN
D4,come,NN
D4,iran,VBD
D4,war,NN
D4,end,NN
D4,expect,VBP
D4,happen,JJ
D4,november,NNP
D4,election,NN
D4,lead,VBD
D4,many,JJ
D4,wall,JJ
D4,street,NN
D4,bet,NN
D4,rate,NN
D4,hike,JJ
D4,month,NN
D4,feed,VBD
D4,chair,JJ
D4,kevin,NN
D4,warsh,NN
D4,remain,VBP
D4,sees,JJ
D4,interest,NN
D4,rate,NN
D4,go,VBP
D4,repeated,VBN
D4,comment,JJ
D4,central,JJ
D4,bank,NN
D4,focus,NN
D4,slow,JJ
D4,price,NN
D4,rise,NN
D4,fuel,NN
D4,expectation,NN
D4,increase,NN
D4,economist,NN
D4,deutsche,IN
D4,bank,NN
D4,say,VBP
D4,recently,RB
D4,rate,NN
D4,hike,NN
D4,likely,JJ
D4,policy,NN
D4,outcome,NN
D4,note,VBP
D4,comment,NN
D4,warsh,JJ
D4,member,NN
D4,feed,NN
D4,view,NN
D4,differ,VBP
D4,somewhat,RB
D4,grace,JJ
D4,zwemmer,NNP
D4,economist,NN
D4,oxford,NN
D4,economics,NNS
D4,expect,VBP
D4,rate,NN
D4,remain,VBP
D4,unchanged,JJ
D4,almost,RB
D4,universally,RB
D4,rate,NN
D4,cut,NN
D4,appear,VBP
D4,table,JJ
D4,trump,NN
D4,though,IN
D4,press,NN
D4,low,JJ
D4,rate,NN
D4,feed,NN
D4,board,NN
D4,great,JJ
D4,new,JJ
D4,leader,NN
D4,must,MD
D4,get,VB
D4,smart,JJ
D4,patriot,NN
D4,change,NN
D4,post,NN
D4,social,JJ
D4,medium,NN
D4,last,JJ
D4,week,NN
D4,war,NN
D4,result,NN
D4,high,JJ
D4,global,JJ
D4,oil,NN
D4,gas,NN
D4,price,NN
D4,stoke,VBD
D4,inflation,NN
D4,fear,NN
D4,shipment,JJ
D4,strait,NN
D4,hormuz,VBD
D4,waterway,RB
D4,one,CD
D4,world,NN
D4,busiest,NN
D4,oil,NN
D4,gas,NN
D4,route,NN
D4,restrict,NN
D4,due,JJ
D4,war,NN
D4,barrel,NN
D4,brent,NN
D4,crude,NN
D4,around,IN
D4,approach,NN
D4,level,NN
D4,last,JJ
D4,see,JJ
D4,outbreak,JJ
D4,conflict,NN
D4,along,RB
D4,directly,RB
D4,drive,JJ
D4,cost,NN
D4,home,NN
D4,business,NN
D4,high,JJ
D4,energy,NN
D4,price,NN
D4,also,RB
D4,make,VB
D4,transport,NN
D4,good,JJ
D4,expensive,JJ
D4,extra,JJ
D4,cost,NN
D4,pass,NN
D4,consumer,NN
D4,steep,JJ
D4,price,NN
D4,like,IN
D4,food,NN
D4,staple,JJ
D4,central,JJ
D4,bank,NN
D4,try,NN
D4,limit,NN
D4,price,NN
D4,rise,NN
D4,high,JJ
D4,interest,NN
D4,rate,NN
D4,push,NN
D4,cost,NN
D4,borrowing,VBG
D4,thing,NN
D4,mortgage,NN
D4,credit,NN
D4,card,NN
D4,seek,VBP
D4,slow,JJ
D4,consumer,NN
D4,spending,NN
D4,inflation,NN
D4,high,JJ
D4,rate,NN
D4,also,RB
D4,give,VBP
D4,people,NNS
D4,incentive,VBP
D4,save,VBN
D4,instead,RB
D4,spend,JJ
D4,balance,NN
D4,act,NN
D4,high,JJ
D4,rate,NN
D4,also,RB
D4,encourage,VBP
D4,business,NN
D4,hold,NN
D4,invest,NN
D4,hire,NN
D4,bank,NN
D4,england,VBP
D4,meet,NN
D4,later,RB
D4,next,JJ
D4,week,NN
D4,expect,VBP
D4,try,VB
D4,look,VB
D4,current,JJ
D4,price,NN
D4,pressure,NN
D4,wider,IN
D4,economic,JJ
D4,picture,NN
D4,million,CD
D4,household,NN
D4,set,VBN
D4,see,VBP
D4,energy,NN
D4,bill,NN
D4,rise,VBP
D4,high,JJ
D4,level,NN
D4,three,CD
D4,year,NN
D4,head,NN
D4,winter,NN
D4,gas,NN
D4,price,NN
D4,rise,NN
D4,per,IN
D4,therm,NN
D4,first,JJ
D4,time,NN
D4,since,IN
D4,end,NN
D4,inflation,NN
D4,expect,VBP
D4,jump,NN
D4,come,VBN
D4,month,NN
D4,despite,IN
D4,prediction,NN
D4,appear,VBP
D4,broad,JJ
D4,agreement,NN
D4,bank,NN
D4,leave,VBP
D4,rate,NN
D4,sign,NN
D4,effect,NN
D4,price,NN
D4,shock,NN
D4,feed,VBD
D4,economy,NN
D4,worker,NN
D4,requesting,NN
D4,wage,NN
D4,rise,NN
D4,business,NN
D4,hike,NN
D4,price,NN
D4,accord,NN
D4,oxford,IN
D4,economics,NNS
D4,give,JJ
D4,bank,NN
D4,breathe,VBD
D4,space,NN
D4,add,NN
D4,economist,NN
D4,alexander,NN
D4,harvey,NN
D4,yael,NN
D4,selfin,NN
D4,chief,JJ
D4,economist,NN
D4,kpmg,NNS
D4,say,VBP
D4,outside,JJ
D4,place,NN
D4,economic,JJ
D4,environment,NN
D4,much,RB
D4,weak,JJ
D4,last,JJ
D4,inflation,NN
D4,shock,NN
D4,hit,VBD
D4,world,NN
D4,inflation,NN
D4,reach,NN
D4,record,NN
D4,high,JJ
D4,october,IN
D4,year,NN
D4,interest,NN
D4,rate,NN
D4,already,RB
D4,high,JJ
D4,four,CD
D4,year,NN
D4,ago,RB
D4,add,VB
D4,consumer,NN
D4,somewhat,RB
D4,scar,VBZ
D4,previous,JJ
D4,price,NN
D4,hike,NN
D4,change,NN
D4,spend,NN
D4,also,RB
D4,four,CD
D4,year,NN
D4,ago,RB
D4,business,NN
D4,hire,NN
D4,aggressively,RB
D4,vacancy,NN
D4,record,NN
D4,highs,VBZ
D4,people,NNS
D4,move,VBP
D4,job,NN
D4,normal,JJ
D4,harvey,NNS
D4,say,VBP
D4,economy,NN
D4,reboot,NN
D4,follow,VBP
D4,covid,NN
D4,condition,NN
D4,place,NN
D4,employee,NN
D4,push,NN
D4,significant,JJ
D4,pay,NN
D4,rise,NN
D4,response,NN
D4,significant,JJ
D4,inflation,NN
D4,shock,NNS
D4,say,VBP
D4,stark,JJ
D4,contrast,NN
D4,current,JJ
D4,labour,NN
D4,market,NN
D4,hire,VB
D4,much,JJ
D4,weak,JJ
D4,average,NN
D4,less,RBR
D4,pressure,NN
D4,recruit,NN
D4,give,VBP
D4,employee,NN
D4,less,JJR
D4,leverage,JJ
D4,demand,NN
D4,high,JJ
D4,pay,NN
D5,man,NN
D5,give,VB
D5,jail,JJ
D5,term,NN
D5,france,NN
D5,threaten,NN
D5,kill,VB
D5,female,JJ
D5,primary,JJ
D5,school,NN
D5,teacher,NN
D5,discipline,NN
D5,son,NN
D5,village,NN
D5,primary,JJ
D5,school,NN
D5,sentence,NN
D5,hear,NN
D5,thursday,JJ
D5,six,CD
D5,day,NN
D5,event,NN
D5,unfolded,VBD
D5,fauga,JJ
D5,village,NN
D5,population,NN
D5,outside,IN
D5,southwestern,JJ
D5,city,NN
D5,toulouse,NN
D5,teacher,NN
D5,grant,NN
D5,official,NN
D5,protection,NN
D5,go,VBP
D5,sick,JJ
D5,leave,VBP
D5,french,JJ
D5,education,NN
D5,minister,NN
D5,edouard,NN
D5,geffray,NN
D5,say,VBP
D5,teacher,NN
D5,afraid,JJ
D5,job,NN
D5,attack,NN
D5,one,CD
D5,attack,NN
D5,entire,JJ
D5,institution,NN
D5,summer,NN
D5,geffray,NN
D5,steer,NN
D5,law,NN
D5,aim,NN
D5,protecting,VBG
D5,staff,NN
D5,significant,JJ
D5,risk,NN
D5,safety,NN
D5,health,NN
D5,member,NN
D5,student,NN
D5,family,NN
D5,minister,NN
D5,say,VBP
D5,case,NN
D5,would,MD
D5,trigger,VB
D5,one,CD
D5,first,JJ
D5,use,NN
D5,decree,JJ
D5,case,NN
D5,revive,JJ
D5,terrible,JJ
D5,memory,NN
D5,france,NN
D5,behead,VBD
D5,teacher,RB
D5,paris,JJ
D5,suburb,NN
D5,six,CD
D5,year,NN
D5,ago,RB
D5,samuel,VBD
D5,paty,NN
D5,murder,NN
D5,outside,IN
D5,school,NN
D5,chechen,NN
D5,refugee,NN
D5,fauga,NN
D5,teacher,NN
D5,colleague,NN
D5,work,NN
D5,monday,NN
D5,happen,VB
D5,previous,JJ
D5,friday,JJ
D5,threat,NN
D5,make,VBP
D5,man,NN
D5,call,NN
D5,chat,WP
D5,school,NN
D5,accord,NN
D5,toulouse,IN
D5,education,NN
D5,chief,NN
D5,karim,JJ
D5,benmiloud,NN
D5,fauga,NN
D5,mayor,NN
D5,puig,NN
D5,tell,NN
D5,bfmtv,NN
D5,man,NN
D5,son,NN
D5,disruptive,JJ
D5,class,NN
D5,teacher,NN
D5,send,VB
D5,another,DT
D5,class,NN
D5,calm,NN
D5,although,IN
D5,continued,JJ
D5,misbehave,VBP
D5,threaten,VBN
D5,father,NN
D5,accord,NN
D5,mayor,NN
D5,wait,NN
D5,outside,IN
D5,school,NN
D5,apparently,RB
D5,threaten,JJ
D5,cut,VBN
D5,head,NN
D5,man,NN
D5,parent,NN
D5,subsequently,RB
D5,apologise,RB
D5,however,RB
D5,judicial,JJ
D5,complaint,NN
D5,make,VBP
D5,go,VB
D5,prosecutor,NN
D5,toulouse,IN
D5,thursday,JJ
D5,afternoon,NN
D5,decree,NN
D5,pass,NN
D5,july,NN
D5,allow,JJ
D5,student,NN
D5,transfer,NN
D5,another,DT
D5,school,NN
D5,case,NN
D5,involve,VB
D5,significant,JJ
D5,risk,NN
D5,staff,NN
D5,education,NN
D5,authority,NN
D5,intervene,NN
D5,think,VBP
D5,boy,IN
D5,young,JJ
D5,sister,NN
D5,may,MD
D5,move,VB
D5,another,DT
D5,school,NN
D5,outside,IN
D5,fauga,NN
